{
  "XOM_155.0_20260417_C": {
    "high_water": 7.375,
    "entry": 4.3604795
  },
  "BKSY_25.0_20260515_C": {
    "high_water": 4.8,
    "entry": 5.1039794999999994
  },
  "CVX_190.0_20260417_C": {
    "high_water": 12.75,
    "entry": 5.70768
  },
  "AG_26.0_20260717_C": {
    "high_water": 4.6,
    "entry": 4.9104795
  },
  "RKLB_70.0_20260515_P": {
    "high_water": 11.2,
    "entry": 10.807679499999999
  },
  "GOLD_50.0_20260515_C": {
    "high_water": 5.300000000000001,
    "entry": 6.6039795
  },
  "AAPL_250.0_20260325_P": {
    "high_water": 4.949999999999999,
    "entry": 2.23798
  },
  "GLD_485.0_20260515_C": {
    "high_water": 17.875,
    "entry": 19.8076795
  },
  "DVN_45.0_20260417_C": {
    "high_water": 3.15,
    "entry": 1.6169795999999999
  },
  "AAPL_245.0_20260325_P": {
    "high_water": 3.3,
    "entry": 1.2919880000000001
  },
  "RIVN_17.5_20260320_C": {
    "high_water": 0.24,
    "entry": 0.5641795555
  },
  "FANG_180.0_20260417_C": {
    "high_water": 11.0,
    "entry": 8.70398
  },
  "GME_26.0_20260320_C": {
    "high_water": 0.19,
    "entry": 0.39417953850000004
  },
  "MSFT_385.0_20260325_P": {
    "high_water": 3.3,
    "entry": 3.3576799999999998
  },
  "OXY_60.0_20260417_C": {
    "high_water": 2.685,
    "entry": 2.6941795
  },
  "QQQ_593.0_20260417_P": {
    "high_water": 12.885,
    "entry": 15.130379499999998,
    "system_name": "default"
  },
  "BFLY_4.0_20260717_C": {
    "high_water": 0.9,
    "entry": 1.1004795,
    "system_name": "10x_momentum"
  },
  "DNA_6.0_20260618_P": {
    "high_water": 1.1,
    "entry": 1.2469796665
  },
  "TQQQ_47.5_20260424_P": {
    "high_water": 5.25,
    "entry": 4.4569795
  },
  "QQQ_595.0_20270617_C": {
    "high_water": 79.25,
    "entry": 81.0085795
  },
  "GME_25.5_20260327_C": {
    "high_water": 0.565,
    "entry": 0.582617
  },
  "NEM_113.0_20260501_C": {
    "high_water": 10.5,
    "entry": 8.457679500000001
  },
  "MARA_10.5_20260327_C": {
    "high_water": 0.505,
    "entry": 0.5048017222222222
  },
  "SOUN_7.0_20260515_P": {
    "high_water": 0.92,
    "entry": 0.8641795000000001
  },
  "CVX_200.0_20260417_C": {
    "high_water": 5.975,
    "entry": 5.4076795
  },
  "GDX_103.0_20260515_C": {
    "high_water": 4.425,
    "entry": 8.75768,
    "system_name": "ntr_ag_momentum"
  },
  "XOM_160.0_20260417_C": {
    "high_water": 4.925,
    "entry": 4.7555795
  },
  "SCHD_29.67_20270115_C": {
    "high_water": 2.47,
    "entry": 2.8603795,
    "system_name": "default"
  },
  "GDX_95.5_20260501_C": {
    "high_water": 6.775,
    "entry": 8.0576795,
    "system_name": "ntr_ag_momentum"
  },
  "SCHD_32.0_20260417_C": {
    "high_water": 0.07500000000000001,
    "entry": 0.1004795,
    "system_name": "default"
  },
  "TQQQ_46.0_20260424_P": {
    "high_water": 3.5250000000000004,
    "entry": 3.4879795000000002,
    "system_name": "tqqq_momentum"
  }
}