{
  "is_armed": false,
  "dipped_below_200w": true,
  "green_week_count": 0,
  "already_entered_this_cycle": false,
  "first_entry_done": false,
  "second_entry_done": false,
  "entry_price": 0,
  "position_hwm": 0,
  "peak_gain_pct": 0,
  "premium_hwm": 0,
  "bars_in_trade": 0,
  "euphoria_sell_done": false,
  "position_qty": 0,
  "premium_history": [
    1.0099015789344006,
    1.010447066250009,
    1.023404771514212,
    1.0245483200254817,
    1.0233932712432103,
    1.0265445948885565,
    1.0186279272629035,
    1.0112664778157425,
    1.0108377711560996,
    0.9918006363952128,
    0.9980683590768782,
    0.751866198937102,
    0.7517429690479206,
    0.7507677631485593,
    0.7519260895643505
  ],
  "btc_weekly_closes": [
    1.3352,
    1.167,
    1.078,
    1.1483,
    1.2165,
    1.1869,
    1.2511,
    1.3619,
    1.8099,
    1.8593,
    2.1659,
    4.0055,
    4.9451,
    4.5,
    3.956,
    4.3348,
    3.8571,
    3.8869,
    3.7088,
    3.9165,
    4.1538,
    4.6978,
    6.0977,
    6.9577,
    7.467,
    7.9121,
    7.1112,
    6.2308,
    6.5571,
    6.9429,
    6.8044,
    6.6986,
    6.9479,
    6.7401,
    9.3956,
    8.7033,
    8.9555,
    10.6221,
    16.467,
    16.3177,
    26.6934,
    19.6813,
    19.9385,
    23.1219,
    19.4835,
    17.486,
    16.2692,
    10.8,
    12.906,
    15.984,
    15.489,
    16.2,
    13.4909,
    12.807,
    12.348,
    9.441,
    9.495,
    12.168,
    13.365,
    13.95,
    14.031,
    12.69,
    12.1815,
    10.935,
    10.89,
    11.43,
    9.855,
    9.09,
    7.677,
    9.207,
    8.316,
    9.9,
    10.755,
    9.135,
    8.64,
    7.983,
    8.262,
    8.55,
    7.506,
    7.695,
    7.965,
    7.146,
    6.57,
    6.165,
    6.345,
    6.273,
    6.237,
    6.354,
    5.445,
    4.392,
    4.491,
    3.582,
    3.456,
    3.888,
    3.753,
    4.077,
    3.888,
    3.906,
    3.771,
    3.618,
    4.014,
    3.771,
    4.356,
    4.122,
    4.374,
    4.194,
    4.3133,
    4.302,
    5.634,
    5.841,
    6.21,
    5.652,
    6.5925,
    7.74,
    8.307,
    9.63,
    9.954,
    9.324,
    9.72,
    12.195,
    13.617,
    13.203,
    13.365,
    11.907,
    11.241,
    12.762,
    13.392,
    12.105,
    12.096,
    10.548,
    11.385,
    11.331,
    11.52,
    8.847,
    8.811,
    8.829,
    7.8525,
    9.279,
    10.08,
    9.792,
    9.234,
    8.343,
    8.613,
    8.1,
    7.911,
    7.992,
    7.722,
    7.731,
    8.64,
    9.063,
    8.532,
    9.81,
    10.611,
    11.8872,
    11.2815,
    8.865,
    9.522,
    5.688,
    6.3,
    6.57,
    6.732,
    7.02,
    6.741,
    7.695,
    8.5185,
    10.305,
    9.945,
    9.594,
    9.801,
    10.1295,
    9.792,
    9.279,
    8.73,
    8.433,
    8.775,
    8.586,
    9.342,
    11.5335,
    11.754,
    12.06,
    12.222,
    11.88,
    10.809,
    10.098,
    10.566,
    10.107,
    9.774,
    10.593,
    11.187,
    12.942,
    13.842,
    15.786,
    16.164,
    19.116,
    16.9515,
    20.898,
    18.549,
    26.532,
    24.615,
    28.8,
    39.978,
    35.406,
    31.005,
    31.221,
    34.092,
    44.019,
    51.03,
    38.88,
    39.42,
    45.0,
    47.6595,
    41.787,
    45.7785,
    44.685,
    46.233,
    38.1465,
    42.165,
    42.192,
    35.487,
    27.09,
    27.198,
    27.81,
    27.702,
    26.82,
    24.912,
    25.722,
    24.885,
    23.58,
    24.471,
    31.2615,
    32.409,
    34.533,
    35.622,
    35.235,
    36.657,
    33.12,
    33.93,
    30.807,
    33.471,
    38.106,
    42.669,
    43.875,
    44.721,
    43.713,
    46.323,
    42.426,
    39.897,
    37.665,
    33.552,
    30.978,
    35.2215,
    30.825,
    27.6615,
    27.477,
    23.031,
    23.1615,
    25.164,
    26.649,
    24.57,
    24.4575,
    23.517,
    22.959,
    25.83,
    27.153,
    28.845,
    26.838,
    25.65,
    25.236,
    23.742,
    22.518,
    17.73,
    16.866,
    17.064,
    17.334,
    16.812,
    11.223,
    12.465,
    11.025,
    12.393,
    12.33,
    13.032,
    13.32,
    12.807,
    13.698,
    11.916,
    11.4003,
    11.142,
    12.105,
    10.782,
    10.0755,
    10.269,
    10.215,
    10.044,
    10.278,
    10.854,
    11.0282,
    7.983,
    7.515,
    8.127,
    8.082,
    7.227,
    7.137,
    7.497,
    7.461,
    7.785,
    10.188,
    10.962,
    11.124,
    11.088,
    9.603,
    10.98,
    10.314,
    10.125,
    10.107,
    13.887,
    14.4,
    14.724,
    14.589,
    15.687,
    13.68,
    14.778,
    15.129,
    12.834,
    12.951,
    12.447,
    12.942,
    12.186,
    13.608,
    17.271,
    17.271,
    17.829,
    17.775,
    17.8875,
    16.8525,
    17.298,
    17.838,
    15.66,
    15.615,
    16.632,
    17.37,
    17.334,
    17.01,
    17.271,
    18.657,
    18.216,
    21.276,
    22.563,
    24.345,
    26.9775,
    26.091,
    28.089,
    28.557,
    31.959,
    30.69,
    33.219,
    31.158,
    33.4485,
    34.722,
    33.309,
    33.759,
    34.506,
    38.232,
    41.652,
    41.031,
    50.652,
    55.71,
    55.44,
    51.282,
    56.853,
    53.991,
    53.595,
    51.579,
    51.066,
    49.788,
    48.591,
    53.757,
    55.377,
    54.081,
    55.332,
    52.362,
    51.336,
    47.916,
    45.135,
    46.026,
    53.712,
    54.297,
    49.87,
    48.41,
    47.63,
    50.79,
    46.75,
    42.6,
    47.64,
    50.03,
    52.31,
    49.68,
    50.27,
    54.6,
    53.09,
    55.01,
    61.05,
    72.81,
    78.87,
    77.09,
    80.7,
    80.77,
    76.47,
    74.88,
    78.02,
    75.08,
    83.05,
    83.17,
    80.41,
    75.85,
    77.01,
    75.06,
    66.61,
    68.79,
    66.95,
    66.32,
    66.18,
    66.32,
    66.27,
    67.09,
    75.34,
    76.55,
    81.47,
    82.13,
    85.76,
    82.47,
    82.23,
    82.83,
    81.33,
    84.16,
    86.07,
    93.04,
    92.36,
    91.87,
    88.89,
    91.58,
    91.9,
    91.73,
    84.99,
    87.66,
    91.75,
    90.34,
    85.65,
    96.36,
    91.42,
    83.46,
    86.69,
    86.02,
    81.3,
    73.78,
    66.16,
    71.01,
    69.9,
    70.58,
    68.84,
    68.4,
    70.14,
    70.48,
    74.58,
    69.82,
    65.37,
    54.63,
    53.63,
    52.81,
    51.13,
    53.06,
    55.47,
    54.65,
    55.23
  ],
  "trade_log": [],
  "pt_hits": [
    false,
    false,
    false,
    false
  ],
  "last_eval": "2026-03-23T15:45:13.496637",
  "last_mstr_price": 138.35,
  "last_btc_price": 70873,
  "last_premium": 0.0,
  "last_stoch_rsi": 35.0,
  "last_strike_recommendation": {
    "band": "DEPRESSED",
    "safety_strikes": [
      100,
      200,
      500
    ],
    "safety_weight": 0.45,
    "spec_strikes": [
      800,
      1000
    ],
    "spec_weight": 0.55,
    "premium_at_entry": 0.0,
    "timestamp": "2026-03-23T15:28:43.498697",
    "rolled_from": "FAIR"
  },
  "approved_strike_rolls": [
    {
      "old_band": "ELEVATED",
      "new_band": "FAIR",
      "old_spec_strikes": [
        800,
        1000
      ],
      "new_spec_strikes": [
        1000,
        1500
      ],
      "old_safety_strikes": [
        200,
        500
      ],
      "new_safety_strikes": [
        100,
        200,
        500
      ],
      "premium_drop_pct": 18.5,
      "haircut_pct": 29.6,
      "timestamp": "2026-03-18T18:00:00",
      "approved_at": "2026-03-18T23:13:52.027316",
      "status": "APPROVED"
    },
    {
      "old_band": "FAIR",
      "new_band": "DEPRESSED",
      "old_spec_strikes": [
        1000,
        1500
      ],
      "new_spec_strikes": [
        800,
        1000
      ],
      "old_safety_strikes": [
        100,
        200,
        500
      ],
      "new_safety_strikes": [
        100,
        200,
        500
      ],
      "premium_drop_pct": 26.75757072017646,
      "haircut_pct": 42.812113152282336,
      "timestamp": "2026-03-23T15:25:06.934699",
      "approved_at": "2026-03-23T15:28:43.498685",
      "status": "APPROVED"
    }
  ],
  "safety": {
    "nlv_open": 7823.08,
    "nlv_open_date": "2026-03-23"
  },
  "regime_ml": {
    "regime": "DISTRIBUTION",